Insert into Fall22_S004_8_RawMaterial Values('Cement_ArgosUSA', 118);
Insert into Fall22_S004_8_RawMaterial Values('Cement_Lafarge_Holcim',135);
Insert into Fall22_S004_8_RawMaterial Values('Cement_CNBM',142);
Insert into Fall22_S004_8_RawMaterial Values('Cement_Cemex',129);
Insert into Fall22_S004_8_RawMaterial Values('Cement_Italcementi',106);
Insert into Fall22_S004_8_RawMaterial Values('Cement_Taiwan_Cement',111);
Insert into Fall22_S004_8_RawMaterial Values('Cement_Eurocement',126);
Insert into Fall22_S004_8_RawMaterial Values('Cement_Votorantim',133);
Insert into Fall22_S004_8_RawMaterial Values('Cement_Anhui',134);
Insert into Fall22_S004_8_RawMaterial Values('Cement_Votorantimx',126);
Insert into Fall22_S004_8_RawMaterial Values('Cement_Heidelberg',110);
Insert into Fall22_S004_8_RawMaterial Values('Cement_Holnam',131);
Insert into Fall22_S004_8_RawMaterial Values('Cement_Metro',131);
Insert into Fall22_S004_8_RawMaterial Values('Cement_Medusa',146);
Insert into Fall22_S004_8_RawMaterial Values('Rod_Elrod',145);
Insert into Fall22_S004_8_RawMaterial Values('Rod_EagleNationalSteel',127);
Insert into Fall22_S004_8_RawMaterial Values('Rod_SabreSteel',112);
Insert into Fall22_S004_8_RawMaterial Values('Rod_PinnacleIndustrial',107);
Insert into Fall22_S004_8_RawMaterial Values('Rod_EasternSteel',113);
Insert into Fall22_S004_8_RawMaterial Values('Rod_AnsteelGroup',140);
Insert into Fall22_S004_8_RawMaterial Values('Rod_TataSteelGroup',137);
Insert into Fall22_S004_8_RawMaterial Values('Rod_ShagangGroup',130);
Insert into Fall22_S004_8_RawMaterial Values('Rod_ChinaBaowu',113);
Insert into Fall22_S004_8_RawMaterial Values('Rod_ArcelorMittal',114);
Insert into Fall22_S004_8_RawMaterial Values('Rod_NipponSteel',140);
Insert into Fall22_S004_8_RawMaterial Values('Rod_A-1Alloys',149);
Insert into Fall22_S004_8_RawMaterial Values('Rod_ContinentalSteel',119);
Insert into Fall22_S004_8_RawMaterial Values('Brick_Tilecast',140);
Insert into Fall22_S004_8_RawMaterial Values('Brick_Classic_Packaging_Corp',143);
Insert into Fall22_S004_8_RawMaterial Values('Brick_Acme_Brick',129);
Insert into Fall22_S004_8_RawMaterial Values('Brick_Bowerston_Shale_Company',111);
Insert into Fall22_S004_8_RawMaterial Values('Brick_BrickCraft',121);
Insert into Fall22_S004_8_RawMaterial Values('Brick_Cloud_Ceramics',138);
Insert into Fall22_S004_8_RawMaterial Values('Brick_Interstate_Brick',145);
Insert into Fall22_S004_8_RawMaterial Values('Brick_Morin_Brick_Company',107);
Insert into Fall22_S004_8_RawMaterial Values('Brick_Palmetto_Brick',142);
Insert into Fall22_S004_8_RawMaterial Values('Brick_Statesville_Brick_Company',137);
Insert into Fall22_S004_8_RawMaterial Values('Brick_Summit_Brick_Company',105);
Insert into Fall22_S004_8_RawMaterial Values('Brick_Triangle_Brick_Company',138);
Insert into Fall22_S004_8_RawMaterial Values('Brick_Marion_Ceramics_Inc',145);


Insert into Fall22_S004_8_Supplier Values('35AAACB1534F2Z8','Buzzi Unicem','Y',7,90,'Cement_ArgosUSA');
Insert into Fall22_S004_8_Supplier Values('19AAACB5674F1Z4','CRH','Y',14,60,'Cement_Lafarge_Holcim');
Insert into Fall22_S004_8_Supplier Values('37AAACB1534F2Z4','F.W. Webb Company','N',20,180,'Cement_CNBM');
Insert into Fall22_S004_8_Supplier Values('20AAACB7894F1Z3','Eagle Materials','Y',30,120,'Cement_Cemex');
Insert into Fall22_S004_8_Supplier Values('12AAACB1534F1ZH','CalPortland Company','Y',20,90,'Cement_Italcementi');
Insert into Fall22_S004_8_Supplier Values('20AAACC1534F9Z3','Lehigh Hanson','Y',14,30,'Cement_Taiwan_Cement');
Insert into Fall22_S004_8_Supplier Values('18AAACB1534F3Z3','Ellsworth Adhesives','N',30,60,'Cement_Eurocement');
Insert into Fall22_S004_8_Supplier Values('18AAACB1534G1Z3','Emco Industrial ','Y',30,90,'Cement_Votorantim');
Insert into Fall22_S004_8_Supplier Values('10AAACB1534F1ZL','McNeil Insulation Co.','Y',20,30,'Cement_Anhui');
Insert into Fall22_S004_8_Supplier Values('19AAACA1234F1Z3', 'Tarps Now', 'Y', 10, 60, 'Cement_Votorantimx');
Insert into Fall22_S004_8_Supplier Values('04AAACB1534F1ZE','Ash Grove Cement','N',7,90,'Cement_Heidelberg');
Insert into Fall22_S004_8_Supplier Values('19AAACB1534F1Z3','New Pig','Y',10,30,'Cement_Holnam');
Insert into Fall22_S004_8_Supplier Values('22AAACB1534F2ZF','Adapt Plastics, Inc.','N',14,60,'Cement_Metro');
Insert into Fall22_S004_8_Supplier Values('05AAACB1534F3ZA','Ryan Herco Flow Solutions','Y',10,180,'Cement_Medusa');
Insert into Fall22_S004_8_Supplier Values('26AAACB1534F1Z8','Sherwood Industries','N',14,90,'Rod_Elrod');
Insert into Fall22_S004_8_Supplier Values('09AAACB1534F1Z4','Global Telex ','Y',10,120,'Rod_EagleNationalSteel');
Insert into Fall22_S004_8_Supplier Values('25AAACB1534F3Z8','Ulbrich Stainless Steels','Y',20,60,'Rod_SabreSteel');
Insert into Fall22_S004_8_Supplier Values('16AAACB1534F1Z9','Infra-Metals','Y',30,180,'Rod_PinnacleIndustrial');
Insert into Fall22_S004_8_Supplier Values('07AAACB1534F4Z5','Penn Stainless Products','Y',7,90,'Rod_EasternSteel');
Insert into Fall22_S004_8_Supplier Values('36AAACB1534F3Z5','Indium Corporation','Y',10,120,'Rod_AnsteelGroup');
Insert into Fall22_S004_8_Supplier Values('30AAACB1534F4ZG','Clingan Steel','N',14,60,'Rod_TataSteelGroup');
Insert into Fall22_S004_8_Supplier Values('33AAACB1534F3ZB','Belmont Metals','Y',30,30,'Rod_ShagangGroup');
Insert into Fall22_S004_8_Supplier Values('24AAACB1534F2ZB','Bellman-Melcor','Y',20,120,'Rod_ChinaBaowu');
Insert into Fall22_S004_8_Supplier Values('11AAACB1534F1ZJ','Alton Steel','Y',10,90,'Rod_ArcelorMittal');
Insert into Fall22_S004_8_Supplier Values('06AAACB1534F1ZA','CMC Steel','Y',20,180,'Rod_NipponSteel');
Insert into Fall22_S004_8_Supplier Values('08AAACB1534F1Z6','Gerdau','Y',7,90,'Rod_A-1Alloys');
Insert into Fall22_S004_8_Supplier Values('02AAACB1534F3ZG','Liberity Steel','N',14,120,'Rod_ContinentalSteel');
Insert into Fall22_S004_8_Supplier Values('03AAACB1534F3ZE','Pacific Clay','Y',14,60,'Brick_Tilecast');
Insert into Fall22_S004_8_Supplier Values('01AAACB1534F5ZG','ANTIQUE BRICK','Y',10,180,'Brick_Classic_Packaging_Corp');
Insert into Fall22_S004_8_Supplier Values('34AAACB1534F2ZA','BEDROCK INDUSTRIES','Y',30,90,'Brick_Acme_Brick');
Insert into Fall22_S004_8_Supplier Values('20AAACB1534F2ZJ','ALLEY CASSETTY BRICK','N',7,30,'Brick_Bowerston_Shale_Company');
Insert into Fall22_S004_8_Supplier Values('21AAACB1534F2ZH','BENSON STONE COMPANY','Y',20,60,'Brick_BrickCraft');
Insert into Fall22_S004_8_Supplier Values('29AAACB1534F3ZO','WERDEN BUCK COMPANY','Y',14,30,'Brick_Cloud_Ceramics');
Insert into Fall22_S004_8_Supplier Values('13AAACB1534F3ZD','B P SUPPLY COMPANY','Y',30,90,'Brick_Interstate_Brick');
Insert into Fall22_S004_8_Supplier Values('32AAACB1534F3ZD','ROSE BRICK','N',14,180,'Brick_Morin_Brick_Company');
Insert into Fall22_S004_8_Supplier Values('15AAACB1534F1ZB','MILLER BLOCK','Y',20,60,'Brick_Palmetto_Brick');
Insert into Fall22_S004_8_Supplier Values('23AAACB1534F2ZD','CLAY INGELS COMPANY','Y',7,90,'Brick_Statesville_Brick_Company');
Insert into Fall22_S004_8_Supplier Values('17AAACB1534F1Z7','BRADLEY BRICK COMPANY','N',20,30,'Brick_Summit_Brick_Company');
Insert into Fall22_S004_8_Supplier Values('27AAACB1534F2Z5','RUSTON BRICK','Y',14,60,'Brick_Triangle_Brick_Company');
Insert into Fall22_S004_8_Supplier Values('14AAACB1534F1ZD','GENERAL SHALE','Y',14,60,'Brick_Marion_Ceramics_Inc');


Insert into Fall22_S004_8_SupplierEmail Values('chooseargos@argosusa.com','35AAACB1534F2Z8'); 
Insert into Fall22_S004_8_SupplierEmail Values('contactus@lh.com','19AAACB5674F1Z4'); 
Insert into Fall22_S004_8_SupplierEmail Values('connect@cnbm.com','37AAACB1534F2Z4'); 
Insert into Fall22_S004_8_SupplierEmail Values('contactus@cemex.com','20AAACB7894F1Z3'); 
Insert into Fall22_S004_8_SupplierEmail Values('reachout@italcementi.com','12AAACB1534F1ZH'); 
Insert into Fall22_S004_8_SupplierEmail Values('contact@taiwancement.com','20AAACC1534F9Z3'); 
Insert into Fall22_S004_8_SupplierEmail Values('work@eurocement.com','18AAACB1534F3Z3'); 
Insert into Fall22_S004_8_SupplierEmail Values('contactustoday@votorantim.com','18AAACB1534G1Z3'); 
Insert into Fall22_S004_8_SupplierEmail Values('us.contact@anhui.com','10AAACB1534F1ZL'); 
Insert into Fall22_S004_8_SupplierEmail Values('contact@lehigh.com','19AAACA1234F1Z3'); 
Insert into Fall22_S004_8_SupplierEmail Values('contact@heidelberg.com','04AAACB1534F1ZE'); 
Insert into Fall22_S004_8_SupplierEmail Values('contact-us@holcim.com','19AAACB1534F1Z3'); 
Insert into Fall22_S004_8_SupplierEmail Values('choose-metro@metro-cement.com','22AAACB1534F2ZF'); 
Insert into Fall22_S004_8_SupplierEmail Values('corp@medusa.com','05AAACB1534F3ZA'); 
Insert into Fall22_S004_8_SupplierEmail Values('sales@elrod.com','26AAACB1534F1Z8'); 
Insert into Fall22_S004_8_SupplierEmail Values('connect@eaglesteel.com','09AAACB1534F1Z4'); 
Insert into Fall22_S004_8_SupplierEmail Values('contact-us@sabreindustries.com','25AAACB1534F3Z8'); 
Insert into Fall22_S004_8_SupplierEmail Values('materials@pinnaclealloys.com','16AAACB1534F1Z9'); 
Insert into Fall22_S004_8_SupplierEmail Values('sales@easternmetal.com','07AAACB1534F4Z5'); 
Insert into Fall22_S004_8_SupplierEmail Values('sales@ansteel.com','36AAACB1534F3Z5'); 
Insert into Fall22_S004_8_SupplierEmail Values('contact-sales@tatatiscon.com','30AAACB1534F4ZG'); 
Insert into Fall22_S004_8_SupplierEmail Values('us.sales@sha-steel.com','33AAACB1534F3ZB'); 
Insert into Fall22_S004_8_SupplierEmail Values('rebarsales@baowu.com','24AAACB1534F2ZB'); 
Insert into Fall22_S004_8_SupplierEmail Values('sales@naarcelormittal.com','11AAACB1534F1ZJ'); 
Insert into Fall22_S004_8_SupplierEmail Values('corp@nipponsteel.com','06AAACB1534F1ZA'); 
Insert into Fall22_S004_8_SupplierEmail Values('choosea-1@aonealoys.com','08AAACB1534F1Z6'); 
Insert into Fall22_S004_8_SupplierEmail Values('sales@continentalsteel.com','02AAACB1534F3ZG'); 
Insert into Fall22_S004_8_SupplierEmail Values('sales-department@tilecast.com','03AAACB1534F3ZE'); 
Insert into Fall22_S004_8_SupplierEmail Values('materials@classicpackage.com','01AAACB1534F5ZG'); 
Insert into Fall22_S004_8_SupplierEmail Values('sales@brick.com','34AAACB1534F2ZA'); 
Insert into Fall22_S004_8_SupplierEmail Values('sales@generalshale.com','20AAACB1534F2ZJ'); 
Insert into Fall22_S004_8_SupplierEmail Values('bricks@brickcraft.com','21AAACB1534F2ZH'); 
Insert into Fall22_S004_8_SupplierEmail Values('matchbrick@cloudceramics.com','29AAACB1534F3ZO'); 
Insert into Fall22_S004_8_SupplierEmail Values('corp@interstatebrick.com','13AAACB1534F3ZD'); 
Insert into Fall22_S004_8_SupplierEmail Values('info@morinbrick.com','32AAACB1534F3ZD'); 
Insert into Fall22_S004_8_SupplierEmail Values('sales-info@palmettobrick.com','15AAACB1534F1ZB'); 
Insert into Fall22_S004_8_SupplierEmail Values('bricksale@statesville.com','23AAACB1534F2ZD'); 
Insert into Fall22_S004_8_SupplierEmail Values('info@summitbrick.com','17AAACB1534F1Z7'); 
Insert into Fall22_S004_8_SupplierEmail Values('message@trianglebrick.com','27AAACB1534F2Z5'); 
Insert into Fall22_S004_8_SupplierEmail Values('contact@marionceramics.com','14AAACB1534F1ZD'); 


INSERT INTO Fall22_S004_8_Address VALUES(15120,'Xantown');
INSERT INTO Fall22_S004_8_Address VALUES(34383,'Bluffskan');
INSERT INTO Fall22_S004_8_Address VALUES(35138,'Cogpayne Creek');
INSERT INTO Fall22_S004_8_Address VALUES(28474,'Prockroton');
INSERT INTO Fall22_S004_8_Address VALUES(85658,'Lderkmul Island');
INSERT INTO Fall22_S004_8_Address VALUES(24663,'Elbeth Harbour');
INSERT INTO Fall22_S004_8_Address VALUES(88885,'New Cloudredd');
INSERT INTO Fall22_S004_8_Address VALUES(32362,'La Hecoeur');
INSERT INTO Fall22_S004_8_Address VALUES(58846,'Monteco City');
INSERT INTO Fall22_S004_8_Address VALUES(51450,'Dridtur Hills');
INSERT INTO Fall22_S004_8_Address VALUES(45662,'Skespo');
INSERT INTO Fall22_S004_8_Address VALUES(77258,'Park Ingphis');
INSERT INTO Fall22_S004_8_Address VALUES(10430,'El Pointble');
INSERT INTO Fall22_S004_8_Address VALUES(46218,'Merlyn');
INSERT INTO Fall22_S004_8_Address VALUES(89587,'U Island');
INSERT INTO Fall22_S004_8_Address VALUES(5525,'Richardson');
INSERT INTO Fall22_S004_8_Address VALUES(3891,'Jackosnville');
INSERT INTO Fall22_S004_8_Address VALUES(77230,'Uruguat');
INSERT INTO Fall22_S004_8_Address VALUES(64341,'Treckerville');
INSERT INTO Fall22_S004_8_Address VALUES(72923,'Lamart');
INSERT INTO Fall22_S004_8_Address VALUES(98102,'Sikkian');
INSERT INTO Fall22_S004_8_Address VALUES(4497,'Hailey');
INSERT INTO Fall22_S004_8_Address VALUES(7371,'Artisan');
INSERT INTO Fall22_S004_8_Address VALUES(8457,'Hapard');
INSERT INTO Fall22_S004_8_Address VALUES(7696,'Kentucy');
INSERT INTO Fall22_S004_8_Address VALUES(77403,'Torrent');
INSERT INTO Fall22_S004_8_Address VALUES(417215,'Lancard');
INSERT INTO Fall22_S004_8_Address VALUES(437690,'Millowa');
INSERT INTO Fall22_S004_8_Address VALUES(6214,'Sillon');
INSERT INTO Fall22_S004_8_Address VALUES(3614,'Jasmine');
INSERT INTO Fall22_S004_8_Address VALUES(34710,'Rosemond');
INSERT INTO Fall22_S004_8_Address VALUES(4048,'Bracher');
INSERT INTO Fall22_S004_8_Address VALUES(16932,'Archer');
INSERT INTO Fall22_S004_8_Address VALUES(305962,'New Lake');
INSERT INTO Fall22_S004_8_Address VALUES(9225154,'Lancaster');
INSERT INTO Fall22_S004_8_Address VALUES(72924,'Rowing');
INSERT INTO Fall22_S004_8_Address VALUES(98112,'Grubhub');
INSERT INTO Fall22_S004_8_Address VALUES(4496,'Monteco City');
INSERT INTO Fall22_S004_8_Address VALUES(7376,'Dellon Highland');
INSERT INTO Fall22_S004_8_Address VALUES(8459,'Millerville');
INSERT INTO Fall22_S004_8_Address VALUES(7606,'Kanwester');
INSERT INTO Fall22_S004_8_Address VALUES(76013,'Arlington');
INSERT INTO Fall22_S004_8_Address VALUES(23620,'OMAHA');
INSERT INTO Fall22_S004_8_Address VALUES(75001,'Dallas');
INSERT INTO Fall22_S004_8_Address VALUES(75061,'Dallas');
INSERT INTO Fall22_S004_8_Address VALUES(75088,'Dallas');
INSERT INTO Fall22_S004_8_Address VALUES(75166,'Dallas');
INSERT INTO Fall22_S004_8_Address VALUES(75201,'Dallas');
INSERT INTO Fall22_S004_8_Address VALUES(98101,'Seattle');
INSERT INTO Fall22_S004_8_Address VALUES(98111,'Seattle');
INSERT INTO Fall22_S004_8_Address VALUES(98122,'Seattle');


INSERT INTO Fall22_S004_8_Contractor VALUES('CWW60CSF2YA','Aristotle Sutton','1444 Est Road',35138);
INSERT INTO Fall22_S004_8_Contractor VALUES('EOO57QGY4JS','Madeson Crosby','P.O. Box 255',34383);
INSERT INTO Fall22_S004_8_Contractor VALUES('DLB93UMW9BP','Zenia Whitehead','504 At St.',15120);
INSERT INTO Fall22_S004_8_Contractor VALUES('LDW20LLW4HD','Hashim Herring','870-1817 Fringilla Ave',28474);
INSERT INTO Fall22_S004_8_Contractor VALUES('SQK56CKL4CD','Xandra Luna','Ap #809-3822 Proin St.',85658);
INSERT INTO Fall22_S004_8_Contractor VALUES('XUN70YIU7IB','Wendy Gibbs','Ap #114-7870 Av.',24663);
INSERT INTO Fall22_S004_8_Contractor VALUES('FFE23FWV0VB','Hilda Sweet','Ap #247-6630 Avenue',88885);
INSERT INTO Fall22_S004_8_Contractor VALUES('NLW95CPN2YU','Kirby Erickson','5299 Vivamus Rd.',32362);
INSERT INTO Fall22_S004_8_Contractor VALUES('GDR60UWH3OG','Arsenio Rice','3323 A Street',51450);
INSERT INTO Fall22_S004_8_Contractor VALUES('MVP34JVB0XK','Aladdin Bass','Ap #719-922 Donec St.',58846);
INSERT INTO Fall22_S004_8_Contractor VALUES('NIK19LIW1IB','Winter Bernard','Ap #363-5951 Cras Av.',45662);
INSERT INTO Fall22_S004_8_Contractor VALUES('SRN57PDP4GV','Brenda Thomas','Ap #356-5048 Urna Road',77258);
INSERT INTO Fall22_S004_8_Contractor VALUES('NGQ31SIE7RH','Silas Fulton','P.O. Box 132 2742 Congue. St.',10430);
INSERT INTO Fall22_S004_8_Contractor VALUES('YUG85ZTA4DH','Talon Galloway','534-6664 Auctor St.',46218);
INSERT INTO Fall22_S004_8_Contractor VALUES('YSF59YTQ3MM','Bruno Garza','Ap #712-2793 Lorem Street',89587);
INSERT INTO Fall22_S004_8_Contractor VALUES('JDM22DYU4SN','Yasir Conway','Ap #191-5944 Velit St.',5525);
INSERT INTO Fall22_S004_8_Contractor VALUES('GDD16UMZ3CE','Ocean Baldwin','681-797 Fusce St.',3891);
INSERT INTO Fall22_S004_8_Contractor VALUES('UDV49RPV8RL','Berk Robinson','489-7084 Diam Street',77230);
INSERT INTO Fall22_S004_8_Contractor VALUES('BKP05FGD1GW','Rina Christensen','P.O. Box 169 5653 Quisque Rd.',64341);
INSERT INTO Fall22_S004_8_Contractor VALUES('CYS67TDN4XD','Iona Harrington','Ap #704-4534 Nec Rd.',72923);
INSERT INTO Fall22_S004_8_Contractor VALUES('UPU44ITX2OL','Summer Mccullough','500-3488 Tortor Ave',98102);
INSERT INTO Fall22_S004_8_Contractor VALUES('URP87ECN7RV','Angela Richards','Ap #750-3979 Vestibulum Avenue',4497);
INSERT INTO Fall22_S004_8_Contractor VALUES('GGZ92KMB4VC','Byron Graves','P.O. Box 901 5222 Nulla Avenue',7371);
INSERT INTO Fall22_S004_8_Contractor VALUES('ODY77AUG4IC','Cedric Davis','971-2194 Adipiscing Street',8457);
INSERT INTO Fall22_S004_8_Contractor VALUES('VHU87YQJ7MJ','Marny Bush','461-8909 Elit Avenue',7696);
INSERT INTO Fall22_S004_8_Contractor VALUES('JGF18YIE4TA','Georgia Reid','Ap #247-6240 Ac Av.',77403);
INSERT INTO Fall22_S004_8_Contractor VALUES('ULF48IYD4TV','Victor Mccarty','Ap #786-6334 Sociis Avenue',417215);
INSERT INTO Fall22_S004_8_Contractor VALUES('XGW50YWB6EV','Karyn Anthony','420-7951 Maecenas St.',437690);
INSERT INTO Fall22_S004_8_Contractor VALUES('CLM45PJN8FJ','Maggy Parks','Ap #665-2547 Fermentum Road',6214);
INSERT INTO Fall22_S004_8_Contractor VALUES('RKO16ECG9DZ','Ethan Keith','4987 Eu Street',3614);
INSERT INTO Fall22_S004_8_Contractor VALUES('BOW88SMW4NM','Richard Beach','2294 Nibh St.',34710);
INSERT INTO Fall22_S004_8_Contractor VALUES('SHE55LOG2YD','Bianca Mccarty','7118 Sem Ave',4048);
INSERT INTO Fall22_S004_8_Contractor VALUES('UXY93XJN8SK','Juliet Cochran','517-5132 Ornare Rd.',16932);
INSERT INTO Fall22_S004_8_Contractor VALUES('HQE57BCM3WN','Uta Powers','Ap #423-1317 Velit Street',305962);
INSERT INTO Fall22_S004_8_Contractor VALUES('RWO73QXO8RF','TaShya Burton','Ap #350-6810 Vulputate Ave',9225154);
INSERT INTO Fall22_S004_8_Contractor VALUES('CYS67TDN4YD','Iona Parrington','Ap #705-4534 Nec Rd.',72923);
INSERT INTO Fall22_S004_8_Contractor VALUES('UPU44ITX2KL','Summer Dccullough','500-3498 Tortor Ave',98102);
INSERT INTO Fall22_S004_8_Contractor VALUES('URP87ECN7TV','Angela Michards','Ap #760-3979 Vestibulum Avenue',4497);
INSERT INTO Fall22_S004_8_Contractor VALUES('GGZ92KMB4JC','Byron Hraves','P.O. Box 801 5222 Nulla Avenue',7371);
INSERT INTO Fall22_S004_8_Contractor VALUES('VHU87YQJ7LJ','Marny Gush','461-8909 Et',7696);
INSERT INTO Fall22_S004_8_Contractor VALUES('GGZ92YQJ7LJ','Pablo Chocobar','461-8909 Et',75001);
INSERT INTO Fall22_S004_8_Contractor VALUES('GGZ92YDN4YD','Frank Estevez','461-8908 Et',75001);
INSERT INTO Fall22_S004_8_Contractor VALUES('GGZSHE55LLJ','Theon Greyjoy','461-8907 Et',75001);
INSERT INTO Fall22_S004_8_Contractor VALUES('JGF1HE55LLJ','Kakashi Goda','462-8907 Et',75088);
INSERT INTO Fall22_S004_8_Contractor VALUES('GGZSHE5G4IC','Jian Lee','463-8907 Et',75166);
INSERT INTO Fall22_S004_8_Contractor VALUES('GGZSHXY93IC','Shizuka Minamoto','683-8907 Et',98111);
INSERT INTO Fall22_S004_8_Contractor VALUES('J7LJHE5G4IC','Dekisugi Hitedoshi','683-8908 Et',98111);


INSERT INTO Fall22_S004_8_Project VALUES('Blue Lake Retreat', 'Residential',65000,35138,7010900,TO_DATE('04/18/2015','MM/DD/YYYY'),TO_DATE('10/03/2015','MM/DD/YYYY'));
INSERT INTO Fall22_S004_8_Project VALUES('Red Lake Retreat', 'Residential',65000,75001,7010900,TO_DATE('04/18/2015','MM/DD/YYYY'),TO_DATE('10/03/2015','MM/DD/YYYY'));
INSERT INTO Fall22_S004_8_Project VALUES('Black Lake Retreat', 'Residential',60000,75061,7010900,TO_DATE('04/18/2015','MM/DD/YYYY'),TO_DATE('10/03/2015','MM/DD/YYYY'));
INSERT INTO Fall22_S004_8_Project VALUES('Yellow Lake Retreat', 'Residential',55000,75088,7010900,TO_DATE('04/18/2014','MM/DD/YYYY'),TO_DATE('10/03/2014','MM/DD/YYYY'));
INSERT INTO Fall22_S004_8_Project VALUES('Dallas Lake Retreat', 'Commercial',120000,75166,7010900,TO_DATE('04/18/2015','MM/DD/YYYY'),TO_DATE('10/03/2015','MM/DD/YYYY'));
INSERT INTO Fall22_S004_8_Project VALUES('Arlington Lake Retreat', 'Government',80000,75201,7010900,TO_DATE('04/18/2015','MM/DD/YYYY'),TO_DATE('10/03/2015','MM/DD/YYYY'));
INSERT INTO Fall22_S004_8_Project VALUES('Los Altos Residence','Residential',78000,34383,8819028,TO_DATE('05/29/2015','MM/DD/YYYY'),TO_DATE('01/05/2016','MM/DD/YYYY'));
INSERT INTO Fall22_S004_8_Project VALUES('Sawmill','Residential',96500,15120,8217881,TO_DATE('09/03/2015','MM/DD/YYYY'),TO_DATE('02/15/2016','MM/DD/YYYY'));
INSERT INTO Fall22_S004_8_Project VALUES('Stellar Residences', 'Residential',62000,85658,7537324,TO_DATE('09/11/2015','MM/DD/YYYY'),TO_DATE('04/23/2016','MM/DD/YYYY'));
INSERT INTO Fall22_S004_8_Project VALUES('Roxbury E+','Residential',65230,24663,7274906,TO_DATE('02/09/2016','MM/DD/YYYY'),TO_DATE('09/12/2016','MM/DD/YYYY'));
INSERT INTO Fall22_S004_8_Project VALUES('Hunters View Housing Blocks 56','Residential',89540,88885,7487320,TO_DATE('03/15/2016','MM/DD/YYYY'),TO_DATE('12/08/2016','MM/DD/YYYY'));
INSERT INTO Fall22_S004_8_Project VALUES('Powerhouse','Residential',55620,32362,8650672,TO_DATE('05/07/2016','MM/DD/YYYY'),TO_DATE('08/19/2016','MM/DD/YYYY'));
INSERT INTO Fall22_S004_8_Project VALUES('Gateway West Loop','Residential',23000,51450,9165728,TO_DATE('07/15/2016','MM/DD/YYYY'),TO_DATE('01/04/2017','MM/DD/YYYY'));
INSERT INTO Fall22_S004_8_Project VALUES('The Regal Apartments','Residential',35800,45662,7187166,TO_DATE('08/31/2016','MM/DD/YYYY'),TO_DATE('06/01/2017','MM/DD/YYYY'));
INSERT INTO Fall22_S004_8_Project VALUES('Scholars Landing','Residential',56900,77258,7018418,TO_DATE('09/22/2016','MM/DD/YYYY'),TO_DATE('07/03/2017','MM/DD/YYYY'));
INSERT INTO Fall22_S004_8_Project VALUES('Cortland Med Center','Residential',56000,10430,9619338,TO_DATE('11/15/2016','MM/DD/YYYY'),TO_DATE('09/27/2017','MM/DD/YYYY'));
INSERT INTO Fall22_S004_8_Project VALUES('Pinnacle Furnished Suites','Residential',75600,46218,8790627,TO_DATE('11/18/2016','MM/DD/YYYY'),TO_DATE('07/03/2017','MM/DD/YYYY'));
INSERT INTO Fall22_S004_8_Project VALUES('The Place at Castle Hills','Residential',102200,89587,7053599,TO_DATE('08/14/2016','MM/DD/YYYY'),TO_DATE('12/06/2016','MM/DD/YYYY'));
INSERT INTO Fall22_S004_8_Project VALUES('Kingsford Peak','Residential',90300,35138,8372179,TO_DATE('03/02/2017','MM/DD/YYYY'),TO_DATE('06/30/2017','MM/DD/YYYY'));
INSERT INTO Fall22_S004_8_Project VALUES('The Star','Residential',32560,34383,7317425,TO_DATE('03/10/2017','MM/DD/YYYY'),TO_DATE('03/25/2017','MM/DD/YYYY'));
INSERT INTO Fall22_S004_8_Project VALUES('Pangaea Group','Commercial',120000,15120,8088253,TO_DATE('06/22/2017','MM/DD/YYYY'),TO_DATE('12/31/2017','MM/DD/YYYY'));
INSERT INTO Fall22_S004_8_Project VALUES('Sleek Architects','Commercial',98520,28474,8563823,TO_DATE('09/13/2017','MM/DD/YYYY'),TO_DATE('04/02/2018','MM/DD/YYYY'));
INSERT INTO Fall22_S004_8_Project VALUES('Dream Design','Commercial',89000,35138,7662090,TO_DATE('10/27/2017','MM/DD/YYYY'),TO_DATE('06/11/2018','MM/DD/YYYY'));
INSERT INTO Fall22_S004_8_Project VALUES('ArchiPark','Commercial',65980,34383,9926058,TO_DATE('11/29/2017','MM/DD/YYYY'),TO_DATE('01/14/2018','MM/DD/YYYY'));
INSERT INTO Fall22_S004_8_Project VALUES('Atelier Legacy','Commercial',65400,15120,8422226,TO_DATE('01/31/2018','MM/DD/YYYY'),TO_DATE('11/11/2018','MM/DD/YYYY'));
INSERT INTO Fall22_S004_8_Project VALUES('Ridge Associates','Commercial',98500,28474,9067878,TO_DATE('02/22/2018','MM/DD/YYYY'),TO_DATE('09/26/2018','MM/DD/YYYY'));
INSERT INTO Fall22_S004_8_Project VALUES('BuiltIN Studio','Commercial',96580,35138,6978747,TO_DATE('02/28/2018','MM/DD/YYYY'),TO_DATE('08/10/2018','MM/DD/YYYY'));
INSERT INTO Fall22_S004_8_Project VALUES('Infinite Sky Design','Commercial',97000,34383,7128935,TO_DATE('09/01/2018','MM/DD/YYYY'),TO_DATE('01/06/2019','MM/DD/YYYY'));
INSERT INTO Fall22_S004_8_Project VALUES('Studio Blue','Commercial',100090,88885,8620517,TO_DATE('09/07/2018','MM/DD/YYYY'),TO_DATE('03/17/2019','MM/DD/YYYY'));
INSERT INTO Fall22_S004_8_Project VALUES('Interloper Partners','Commercial',75203,23620,9807886,TO_DATE('12/27/2018','MM/DD/YYYY'),TO_DATE('06/12/2019','MM/DD/YYYY'));
INSERT INTO Fall22_S004_8_Project VALUES('Legacy Group','Commercial',63100,51450,8481429,TO_DATE('05/08/2019','MM/DD/YYYY'),TO_DATE('08/21/2019','MM/DD/YYYY'));
INSERT INTO Fall22_S004_8_Project VALUES('Fine Forms','Commercial',30000,45662,9899581,TO_DATE('05/16/2019','MM/DD/YYYY'),TO_DATE('12/07/2019','MM/DD/YYYY'));
INSERT INTO Fall22_S004_8_Project VALUES('Under The Arch','Commercial',36200,77258,7026056,TO_DATE('06/07/2019','MM/DD/YYYY'),TO_DATE('12/29/2019','MM/DD/YYYY'));
INSERT INTO Fall22_S004_8_Project VALUES('Stylistic Symmetry','Commercial',45600,10430,9975147,TO_DATE('06/26/2019','MM/DD/YYYY'),TO_DATE('11/30/2019','MM/DD/YYYY'));
INSERT INTO Fall22_S004_8_Project VALUES('No Half Measures Inc.','Commercial',32500,89587,6670507,TO_DATE('07/05/2019','MM/DD/YYYY'),TO_DATE('02/13/2020','MM/DD/YYYY'));
INSERT INTO Fall22_S004_8_Project VALUES('Fourth Wall Escapades','Commercial',78520,10430,9859212,TO_DATE('07/10/2019','MM/DD/YYYY'),TO_DATE('05/23/2020','MM/DD/YYYY'));
INSERT INTO Fall22_S004_8_Project VALUES('100ft XtarBridge','Government',800000,77258,9905395,TO_DATE('08/10/2019','MM/DD/YYYY'),TO_DATE('03/02/2020','MM/DD/YYYY'));
INSERT INTO Fall22_S004_8_Project VALUES('StateHouse Building','Government',73500,35138,7103704,TO_DATE('10/05/2019','MM/DD/YYYY'),TO_DATE('04/22/2020','MM/DD/YYYY'));
INSERT INTO Fall22_S004_8_Project VALUES('Tarrant county court','Government',28500,24663,7861913,TO_DATE('11/21/2019','MM/DD/YYYY'),TO_DATE('06/11/2020','MM/DD/YYYY'));
INSERT INTO Fall22_S004_8_Project VALUES('Governors Mansion','Government',73900,51450,6906565,TO_DATE('01/10/2020','MM/DD/YYYY'),TO_DATE('05/14/2020','MM/DD/YYYY'));
INSERT INTO Fall22_S004_8_Project VALUES('County Court House','Government',43500,77258,9629484,TO_DATE('01/11/2020','MM/DD/YYYY'),TO_DATE('07/05/2020','MM/DD/YYYY'));
INSERT INTO Fall22_S004_8_Project VALUES('Marvin Federal Building','Government',33500,46218,8333335,TO_DATE('01/21/2020','MM/DD/YYYY'),TO_DATE('11/08/2020','MM/DD/YYYY'));
INSERT INTO Fall22_S004_8_Project VALUES('State Office Building','Government',63700,89587,6540498,TO_DATE('02/04/2020','MM/DD/YYYY'),TO_DATE('12/21/2020','MM/DD/YYYY'));
INSERT INTO Fall22_S004_8_Project VALUES('The great Wall','Government',67500,32362,6660835,TO_DATE('02/27/2020','MM/DD/YYYY'),TO_DATE('09/13/2020','MM/DD/YYYY'));
INSERT INTO Fall22_S004_8_Project VALUES('Central Jail','Government',99800,24663,7203107,TO_DATE('04/09/2020','MM/DD/YYYY'),TO_DATE('06/29/2020','MM/DD/YYYY'));


Insert into Fall22_S004_8_Labor Values('The Villages, FL',16.44);
Insert into Fall22_S004_8_Labor Values('Lake Charles, LA',17.97);
Insert into Fall22_S004_8_Labor Values('Farmington, NM',17.1);
Insert into Fall22_S004_8_Labor Values('St. George, UT',18.76);
Insert into Fall22_S004_8_Labor Values('Sierra Vista, AZ',19.2);
Insert into Fall22_S004_8_Labor Values('Provo-Orem, UT',18.1);
Insert into Fall22_S004_8_Labor Values('Kennewick, WA',26.57);
Insert into Fall22_S004_8_Labor Values('Punta Gorda, FL',17.62);
Insert into Fall22_S004_8_Labor Values('Baton Rouge, LA',18.09);
Insert into Fall22_S004_8_Labor Values('Longview, TX',16.53);
Insert into Fall22_S004_8_Labor Values('Chicago, IL',31.69);
Insert into Fall22_S004_8_Labor Values('New York, NY',31.05);
Insert into Fall22_S004_8_Labor Values('Atlantic City, NJ',30.68);
Insert into Fall22_S004_8_Labor Values('San Jose, CA',29.8);
Insert into Fall22_S004_8_Labor Values('Boston, MA',29.11);
Insert into Fall22_S004_8_Labor Values('Urban Honolulu, HI',28.96);
Insert into Fall22_S004_8_Labor Values('San Francisco, CA',28.76);
Insert into Fall22_S004_8_Labor Values('Kahului, HI',28.54);
Insert into Fall22_S004_8_Labor Values('Carbondale, IL',28.15);
Insert into Fall22_S004_8_Labor Values('Vineland, NJ',28.06);
Insert into Fall22_S004_8_Labor Values('Northeastern, OH',22.04);
Insert into Fall22_S004_8_Labor Values('North Texas, TX',15.8);
Insert into Fall22_S004_8_Labor Values('Wichita, KS',17.51);
Insert into Fall22_S004_8_Labor Values('Non-Metro E, NM',16.27);
Insert into Fall22_S004_8_Labor Values('Hill Country, TX',16.41);
Insert into Fall22_S004_8_Labor Values('Seattle, WA',16.27);
Insert into Fall22_S004_8_Labor Values('Denver, CO',18.39);
Insert into Fall22_S004_8_Labor Values('NW Virginia, VA',18.33);
Insert into Fall22_S004_8_Labor Values('S Florida, FL',18.25);
Insert into Fall22_S004_8_Labor Values('Central Utah, GA',17.84);
Insert into Fall22_S004_8_Labor Values('Hawaii, NM, HI',26.88);
Insert into Fall22_S004_8_Labor Values('Massachusetts NM, MA',25.71);
Insert into Fall22_S004_8_Labor Values('Monterey, CA',25.25);
Insert into Fall22_S004_8_Labor Values('Richmond, NY',24.75);
Insert into Fall22_S004_8_Labor Values('Pasadena, CA',24.57);
Insert into Fall22_S004_8_Labor Values('Newark, NJ',31.05);
Insert into Fall22_S004_8_Labor Values('Los Angeles, CA',24.7);
Insert into Fall22_S004_8_Labor Values('Houston, TX',17.96);
Insert into Fall22_S004_8_Labor Values('DFW, TX',17.83);
Insert into Fall22_S004_8_Labor Values('Elgin, WI',31.69);


Insert into Fall22_S004_8_SupplierBuysRawMaterial Values('35AAACB1534F2Z8','Cement_ArgosUSA',TO_DATE('04/03/2015','MM/DD/YYYY'));
Insert into Fall22_S004_8_SupplierBuysRawMaterial Values('19AAACB5674F1Z4','Cement_Lafarge_Holcim',TO_DATE('05/14/2015','MM/DD/YYYY'));
Insert into Fall22_S004_8_SupplierBuysRawMaterial Values('37AAACB1534F2Z4','Cement_CNBM',TO_DATE('08/19/2015','MM/DD/YYYY'));
Insert into Fall22_S004_8_SupplierBuysRawMaterial Values('20AAACB7894F1Z3','Cement_Cemex',TO_DATE('08/27/2015','MM/DD/YYYY'));
Insert into Fall22_S004_8_SupplierBuysRawMaterial Values('12AAACB1534F1ZH','Cement_Italcementi',TO_DATE('01/25/2016','MM/DD/YYYY'));
Insert into Fall22_S004_8_SupplierBuysRawMaterial Values('20AAACC1534F9Z3','Cement_Taiwan_Cement',TO_DATE('02/29/2016','MM/DD/YYYY'));
Insert into Fall22_S004_8_SupplierBuysRawMaterial Values('18AAACB1534F3Z3','Cement_Eurocement',TO_DATE('04/22/2016','MM/DD/YYYY'));
Insert into Fall22_S004_8_SupplierBuysRawMaterial Values('18AAACB1534G1Z3','Cement_Votorantim',TO_DATE('06/30/2016','MM/DD/YYYY'));
Insert into Fall22_S004_8_SupplierBuysRawMaterial Values('10AAACB1534F1ZL','Cement_Anhui',TO_DATE('08/16/2016','MM/DD/YYYY'));
Insert into Fall22_S004_8_SupplierBuysRawMaterial Values('19AAACA1234F1Z3','Cement_Votorantimx',TO_DATE('09/07/2016','MM/DD/YYYY'));
Insert into Fall22_S004_8_SupplierBuysRawMaterial Values('04AAACB1534F1ZE','Cement_Heidelberg',TO_DATE('10/31/2016','MM/DD/YYYY'));
Insert into Fall22_S004_8_SupplierBuysRawMaterial Values('19AAACB1534F1Z3','Cement_Holnam',TO_DATE('11/03/2016','MM/DD/YYYY'));
Insert into Fall22_S004_8_SupplierBuysRawMaterial Values('22AAACB1534F2ZF','Cement_Metro',TO_DATE('11/21/2016','MM/DD/YYYY'));
Insert into Fall22_S004_8_SupplierBuysRawMaterial Values('05AAACB1534F3ZA','Cement_Medusa',TO_DATE('02/15/2017','MM/DD/YYYY'));
Insert into Fall22_S004_8_SupplierBuysRawMaterial Values('26AAACB1534F1Z8','Rod_Elrod',TO_DATE('03/10/2017','MM/DD/YYYY'));
Insert into Fall22_S004_8_SupplierBuysRawMaterial Values('09AAACB1534F1Z4','Rod_EagleNationalSteel',TO_DATE('06/07/2017','MM/DD/YYYY'));
Insert into Fall22_S004_8_SupplierBuysRawMaterial Values('25AAACB1534F3Z8','Rod_SabreSteel',TO_DATE('08/29/2017','MM/DD/YYYY'));
Insert into Fall22_S004_8_SupplierBuysRawMaterial Values('16AAACB1534F1Z9','Rod_PinnacleIndustrial',TO_DATE('10/12/2017','MM/DD/YYYY'));
Insert into Fall22_S004_8_SupplierBuysRawMaterial Values('07AAACB1534F4Z5','Rod_EasternSteel',TO_DATE('11/14/2017','MM/DD/YYYY'));
Insert into Fall22_S004_8_SupplierBuysRawMaterial Values('36AAACB1534F3Z5','Rod_AnsteelGroup',TO_DATE('01/16/2018','MM/DD/YYYY'));
Insert into Fall22_S004_8_SupplierBuysRawMaterial Values('30AAACB1534F4ZG','Rod_TataSteelGroup',TO_DATE('02/07/2018','MM/DD/YYYY'));
Insert into Fall22_S004_8_SupplierBuysRawMaterial Values('33AAACB1534F3ZB','Rod_ShagangGroup',TO_DATE('02/13/2018','MM/DD/YYYY'));
Insert into Fall22_S004_8_SupplierBuysRawMaterial Values('24AAACB1534F2ZB','Rod_ChinaBaowu',TO_DATE('08/17/2018','MM/DD/YYYY'));
Insert into Fall22_S004_8_SupplierBuysRawMaterial Values('11AAACB1534F1ZJ','Rod_ArcelorMittal',TO_DATE('08/23/2018','MM/DD/YYYY'));
Insert into Fall22_S004_8_SupplierBuysRawMaterial Values('06AAACB1534F1ZA','Rod_NipponSteel',TO_DATE('12/12/2018','MM/DD/YYYY'));
Insert into Fall22_S004_8_SupplierBuysRawMaterial Values('08AAACB1534F1Z6','Rod_A-1Alloys',TO_DATE('04/23/2019','MM/DD/YYYY'));
Insert into Fall22_S004_8_SupplierBuysRawMaterial Values('02AAACB1534F3ZG','Rod_ContinentalSteel',TO_DATE('05/01/2019','MM/DD/YYYY'));
Insert into Fall22_S004_8_SupplierBuysRawMaterial Values('03AAACB1534F3ZE','Brick_Tilecast',TO_DATE('05/23/2019','MM/DD/YYYY'));
Insert into Fall22_S004_8_SupplierBuysRawMaterial Values('01AAACB1534F5ZG','Brick_Classic_Packaging_Corp',TO_DATE('06/11/2019','MM/DD/YYYY'));
Insert into Fall22_S004_8_SupplierBuysRawMaterial Values('34AAACB1534F2ZA','Brick_Acme_Brick',TO_DATE('06/20/2019','MM/DD/YYYY'));
Insert into Fall22_S004_8_SupplierBuysRawMaterial Values('20AAACB1534F2ZJ','Brick_Bowerston_Shale_Company',TO_DATE('06/25/2019','MM/DD/YYYY'));
Insert into Fall22_S004_8_SupplierBuysRawMaterial Values('21AAACB1534F2ZH','Brick_BrickCraft',TO_DATE('07/26/2019','MM/DD/YYYY'));
Insert into Fall22_S004_8_SupplierBuysRawMaterial Values('29AAACB1534F3ZO','Brick_Cloud_Ceramics',TO_DATE('09/20/2019','MM/DD/YYYY'));
Insert into Fall22_S004_8_SupplierBuysRawMaterial Values('13AAACB1534F3ZD','Brick_Interstate_Brick',TO_DATE('11/06/2019','MM/DD/YYYY'));
Insert into Fall22_S004_8_SupplierBuysRawMaterial Values('32AAACB1534F3ZD','Brick_Morin_Brick_Company',TO_DATE('12/26/2019','MM/DD/YYYY'));
Insert into Fall22_S004_8_SupplierBuysRawMaterial Values('15AAACB1534F1ZB','Brick_Palmetto_Brick',TO_DATE('12/27/2019','MM/DD/YYYY'));
Insert into Fall22_S004_8_SupplierBuysRawMaterial Values('23AAACB1534F2ZD','Brick_Statesville_Brick_Company',TO_DATE('01/06/2020','MM/DD/YYYY'));
Insert into Fall22_S004_8_SupplierBuysRawMaterial Values('17AAACB1534F1Z7','Brick_Summit_Brick_Company',TO_DATE('01/20/2020','MM/DD/YYYY'));
Insert into Fall22_S004_8_SupplierBuysRawMaterial Values('27AAACB1534F2Z5','Brick_Triangle_Brick_Company',TO_DATE('02/12/2020','MM/DD/YYYY'));
Insert into Fall22_S004_8_SupplierBuysRawMaterial Values('14AAACB1534F1ZD','Brick_Marion_Ceramics_Inc',TO_DATE('03/25/2020','MM/DD/YYYY'));


INSERT INTO Fall22_S004_8_ContractorContactsSupplier VALUES('CWW60CSF2YA','35AAACB1534F2Z8',5);
INSERT INTO Fall22_S004_8_ContractorContactsSupplier VALUES('EOO57QGY4JS','19AAACB5674F1Z4',4);
INSERT INTO Fall22_S004_8_ContractorContactsSupplier VALUES('DLB93UMW9BP','37AAACB1534F2Z4',2);
INSERT INTO Fall22_S004_8_ContractorContactsSupplier VALUES('LDW20LLW4HD','20AAACB7894F1Z3',1);
INSERT INTO Fall22_S004_8_ContractorContactsSupplier VALUES('SQK56CKL4CD','12AAACB1534F1ZH',2);
INSERT INTO Fall22_S004_8_ContractorContactsSupplier VALUES('XUN70YIU7IB','20AAACC1534F9Z3',2);
INSERT INTO Fall22_S004_8_ContractorContactsSupplier VALUES('FFE23FWV0VB','18AAACB1534F3Z3',4);
INSERT INTO Fall22_S004_8_ContractorContactsSupplier VALUES('NLW95CPN2YU','18AAACB1534G1Z3',5);
INSERT INTO Fall22_S004_8_ContractorContactsSupplier VALUES('GDR60UWH3OG','10AAACB1534F1ZL',4);
INSERT INTO Fall22_S004_8_ContractorContactsSupplier VALUES('MVP34JVB0XK','19AAACA1234F1Z3',5);
INSERT INTO Fall22_S004_8_ContractorContactsSupplier VALUES('NIK19LIW1IB','04AAACB1534F1ZE',4);
INSERT INTO Fall22_S004_8_ContractorContactsSupplier VALUES('SRN57PDP4GV','19AAACB1534F1Z3',5);
INSERT INTO Fall22_S004_8_ContractorContactsSupplier VALUES('NGQ31SIE7RH','22AAACB1534F2ZF',3);
INSERT INTO Fall22_S004_8_ContractorContactsSupplier VALUES('YUG85ZTA4DH','05AAACB1534F3ZA',1);
INSERT INTO Fall22_S004_8_ContractorContactsSupplier VALUES('YSF59YTQ3MM','26AAACB1534F1Z8',1);
INSERT INTO Fall22_S004_8_ContractorContactsSupplier VALUES('JDM22DYU4SN','09AAACB1534F1Z4',1);
INSERT INTO Fall22_S004_8_ContractorContactsSupplier VALUES('GDD16UMZ3CE','25AAACB1534F3Z8',5);
INSERT INTO Fall22_S004_8_ContractorContactsSupplier VALUES('UDV49RPV8RL','16AAACB1534F1Z9',5);
INSERT INTO Fall22_S004_8_ContractorContactsSupplier VALUES('BKP05FGD1GW','07AAACB1534F4Z5',4);
INSERT INTO Fall22_S004_8_ContractorContactsSupplier VALUES('CYS67TDN4XD','36AAACB1534F3Z5',4);
INSERT INTO Fall22_S004_8_ContractorContactsSupplier VALUES('UPU44ITX2OL','30AAACB1534F4ZG',3);
INSERT INTO Fall22_S004_8_ContractorContactsSupplier VALUES('URP87ECN7RV','33AAACB1534F3ZB',1);
INSERT INTO Fall22_S004_8_ContractorContactsSupplier VALUES('GGZ92KMB4VC','24AAACB1534F2ZB',1);
INSERT INTO Fall22_S004_8_ContractorContactsSupplier VALUES('ODY77AUG4IC','11AAACB1534F1ZJ',4);
INSERT INTO Fall22_S004_8_ContractorContactsSupplier VALUES('VHU87YQJ7MJ','06AAACB1534F1ZA',5);
INSERT INTO Fall22_S004_8_ContractorContactsSupplier VALUES('JGF18YIE4TA','08AAACB1534F1Z6',2);
INSERT INTO Fall22_S004_8_ContractorContactsSupplier VALUES('ULF48IYD4TV','02AAACB1534F3ZG',2);
INSERT INTO Fall22_S004_8_ContractorContactsSupplier VALUES('XGW50YWB6EV','03AAACB1534F3ZE',4);
INSERT INTO Fall22_S004_8_ContractorContactsSupplier VALUES('CLM45PJN8FJ','01AAACB1534F5ZG',1);
INSERT INTO Fall22_S004_8_ContractorContactsSupplier VALUES('RKO16ECG9DZ','34AAACB1534F2ZA',4);
INSERT INTO Fall22_S004_8_ContractorContactsSupplier VALUES('BOW88SMW4NM','20AAACB1534F2ZJ',5);
INSERT INTO Fall22_S004_8_ContractorContactsSupplier VALUES('SHE55LOG2YD','21AAACB1534F2ZH',5);
INSERT INTO Fall22_S004_8_ContractorContactsSupplier VALUES('UXY93XJN8SK','29AAACB1534F3ZO',2);
INSERT INTO Fall22_S004_8_ContractorContactsSupplier VALUES('HQE57BCM3WN','13AAACB1534F3ZD',2);
INSERT INTO Fall22_S004_8_ContractorContactsSupplier VALUES('RWO73QXO8RF','32AAACB1534F3ZD',1);
INSERT INTO Fall22_S004_8_ContractorContactsSupplier VALUES('CYS67TDN4YD','15AAACB1534F1ZB',4);
INSERT INTO Fall22_S004_8_ContractorContactsSupplier VALUES('UPU44ITX2KL','23AAACB1534F2ZD',5);
INSERT INTO Fall22_S004_8_ContractorContactsSupplier VALUES('URP87ECN7TV','17AAACB1534F1Z7',3);
INSERT INTO Fall22_S004_8_ContractorContactsSupplier VALUES('GGZ92KMB4JC','27AAACB1534F2Z5',3);
INSERT INTO Fall22_S004_8_ContractorContactsSupplier VALUES('ODY77AUG4IC','14AAACB1534F1ZD',1);


Insert into Fall22_S004_8_LabourWorksOnProject Values('The Villages, FL','Blue Lake Retreat',95);
Insert into Fall22_S004_8_LabourWorksOnProject Values('Lake Charles, LA','Los Altos Residence',85);
Insert into Fall22_S004_8_LabourWorksOnProject Values('Farmington, NM','Sawmill',57);
Insert into Fall22_S004_8_LabourWorksOnProject Values('St. George, UT','Stellar Residences',109);
Insert into Fall22_S004_8_LabourWorksOnProject Values('Sierra Vista, AZ','Roxbury E+',52);
Insert into Fall22_S004_8_LabourWorksOnProject Values('Provo-Orem, UT','Hunters View Housing Blocks 56',70);
Insert into Fall22_S004_8_LabourWorksOnProject Values('Kennewick, WA','Powerhouse',96);
Insert into Fall22_S004_8_LabourWorksOnProject Values('Punta Gorda, FL','Gateway West Loop',120);
Insert into Fall22_S004_8_LabourWorksOnProject Values('Baton Rouge, LA','The Regal Apartments',81);
Insert into Fall22_S004_8_LabourWorksOnProject Values('Longview, TX','Scholars Landing',88);
Insert into Fall22_S004_8_LabourWorksOnProject Values('Chicago, IL','Cortland Med Center',98);
Insert into Fall22_S004_8_LabourWorksOnProject Values('New York, NY','Pinnacle Furnished Suites',94);
Insert into Fall22_S004_8_LabourWorksOnProject Values('Atlantic City, NJ','The Place at Castle Hills',96);
Insert into Fall22_S004_8_LabourWorksOnProject Values('San Jose, CA','Kingsford Peak',109);
Insert into Fall22_S004_8_LabourWorksOnProject Values('Boston, MA','The Star',90);
Insert into Fall22_S004_8_LabourWorksOnProject Values('Urban Honolulu, HI','Pangaea Group',75);
Insert into Fall22_S004_8_LabourWorksOnProject Values('San Francisco, CA','Sleek Architects',107);
Insert into Fall22_S004_8_LabourWorksOnProject Values('Kahului, HI','Dream Design',76);
Insert into Fall22_S004_8_LabourWorksOnProject Values('Carbondale, IL','ArchiPark',100);
Insert into Fall22_S004_8_LabourWorksOnProject Values('Vineland, NJ','Atelier Legacy',59);
Insert into Fall22_S004_8_LabourWorksOnProject Values('Northeastern, OH','Ridge Associates',58);
Insert into Fall22_S004_8_LabourWorksOnProject Values('North Texas, TX','BuiltIN Studio',77);
Insert into Fall22_S004_8_LabourWorksOnProject Values('Wichita, KS','Infinite Sky Design',59);
Insert into Fall22_S004_8_LabourWorksOnProject Values('Non-Metro E, NM','Studio Blue',50);
Insert into Fall22_S004_8_LabourWorksOnProject Values('Hill Country, TX','Interloper Partners',94);
Insert into Fall22_S004_8_LabourWorksOnProject Values('Seattle, WA','Legacy Group',127);
Insert into Fall22_S004_8_LabourWorksOnProject Values('Denver, CO','Fine Forms',81);
Insert into Fall22_S004_8_LabourWorksOnProject Values('NW Virginia, VA','Under The Arch',89);
Insert into Fall22_S004_8_LabourWorksOnProject Values('S Florida, FL','Stylistic Symmetry',108);
Insert into Fall22_S004_8_LabourWorksOnProject Values('Central Utah, GA','No Half Measures Inc.',64);
Insert into Fall22_S004_8_LabourWorksOnProject Values('Hawaii, NM, HI','Fourth Wall Escapades',71);
Insert into Fall22_S004_8_LabourWorksOnProject Values('Massachusetts NM, MA','100ft XtarBridge',80);
Insert into Fall22_S004_8_LabourWorksOnProject Values('Monterey, CA','StateHouse Building',130);
Insert into Fall22_S004_8_LabourWorksOnProject Values('Richmond, NY','Tarrant county court',60);
Insert into Fall22_S004_8_LabourWorksOnProject Values('Pasadena, CA','Governors Mansion',72);
Insert into Fall22_S004_8_LabourWorksOnProject Values('Newark, NJ','County Court House',61);
Insert into Fall22_S004_8_LabourWorksOnProject Values('Los Angeles, CA','Marvin Federal Building',61);
Insert into Fall22_S004_8_LabourWorksOnProject Values('Houston, TX','State Office Building',71);
Insert into Fall22_S004_8_LabourWorksOnProject Values('DFW, TX','The great Wall',112);
Insert into Fall22_S004_8_LabourWorksOnProject Values('Elgin, WI','Central Jail',97);


